Ticker,Slug
ZRX,0x
1INCH,1inch
AAVE,Aave
AERGO,Aergo
AIOZ,Aioz Network
ALCX,Alchemix
ACH,Alchemy Pay
AGLD,Adventure Gold
ALGO,Algorand
AMP,Amp
FORTH,Ampleforth
ANKR,Ankr
API3,API3
ARPA,ARPA Chain
ASM,Assemble Protocol
REP,Augur
AVAX,Avalanche
AVT,Aventus
AXS,Axie Infinity
BADGER,Badger DAO
BAL,Balancer
BNT,Bancor
BAND,Band
BOND,BarnBridge
BAT,Basic Attention Token
BICO,Biconomy
BTC,Bitcoin
BCH,Bitcoin Cash
BLZ,Bluzelle
FIDA,Bonfida
AUCTION,Bounce Token
BTRST,Braintrust
ADA,Cardano
CTSI,Cartesi
CELO,Celo
LINK,Chainlink
CHZ,Chiliz
CVC,Civic
CLV,Clover Finance
COMP,Compound
ATOM,Cosmos
COTI,COTI
COVAL,Circuits of Value
CTX,Cryptex Finance
CRO,Crypto.com Chain
CRV,Curve DAO Token
DAI,Dai
DASH,Dash
MANA,Decentraland
DESO,Decentralized Social
DDX,DerivaDAO
YFII,DFI.Money
DIA,Dia
DNT,District0x
DOGE,Dogecoin
ENJ,Enjin Coin
MLN,Enzyme
EOS,EOS
ETH,Ethereum
ETC,Ethereum Classic
ENS,Ethereum Name Service
ERN,Ethernity Chain
FET,Fetch.ai
FIL,Filecoin
FX,Function X
GALA,Gala
GTC,Gitcoin
GODS,Gods Unchained
GFI,Goldfinch
GLM,Golem
GYEN,GYEN
FARM,Harvest Finance
HIGH,Highstreet
ZEN,Horizen
IDEX,IDEX
RLC,iExec RLC
IMX,Immutable X
ICP,Internet Computer
INV,Inverse Finance
IOTX,IoTeX
JASMY,Jasmy
KEEP,Keep Network
KRL,Kryll
KNC,Kyber Network
LCX,LCX
LQTY,Liquity
LTC,Litecoin
LPT,Livepeer
LOOM,Loom Network
LRC,Loopring
MKR,Maker
MPL,Maple
MASK,Mask Network
MDT,Measurable Data Token
MIR,Mirror Protocol
MCO2,Moss Carbon Credit
MUSD,mStableUSD
ALICE,My Neighbor Alice
NKN,NKN
NU,NuCypher
NMR,Numeraire
OMG,OMG Network
ORCA,Orca
OXT,Orchid
OGN,Origin Protocol
TRAC,OriginTrail
ORN,Orion Protocol
UPI,Pawtocol
PAX,Paxos Standard
PERP,Perpetual Protocol
PLA,PlayDapp
PLU,Pluton
DOT,Polkadot
POLS,Polkastarter
MATIC,Polygon
POLY,Polymath
NCT,PolySwarm
POWR,Powerledger
PRO,Propy
QNT,Quant
QSP,Quantstamp
QUICK,QuickSwap
RAD,Radicle
RAI,Rai Reflex Index
RLY,Rally
RGT,Rari Governance Token
RARI,Rarible
REN,Ren
RNDR,Render Token
REQ,Request
RBN,Ribbon Finance
FOX,Shapeshift FOX Token
SHIB,Shiba Inu
SHPING,Shping Coin
SKL,SKALE
SOL,Solana
SPELL,Spell Token
STX,Stacks
SNT,Status Network
XLM,Stellar Lumens
STORJ,Storj
SUKU,Suku
SUPER,SuperFarm
SUSHI,SUSHI
SYN,Synapse
SNX,Synthetix
TBTC,tBTC
TRB,Tellor
UST,TerraUSD
USDT,Tether
XTZ,Tezos
GRT,The Graph
TRIBE,Tribe
TRU,TrueFi
UMA,Universal Market Access
UNFI,Unifi Protocol DAO
UNI,Uniswap
USDC,USD Coin
VGX,Voyager Token
WBTC,Wrapped Bitcoin
WCFG,Wrapped Centrifuge
WLUNA,Wrapped LUNA
XYO,XYO
YFI,Yearn Finance
ZEC,Zcash
